{
  "slotAnimation": {
    "0": {
      "id": 0,
      "animation": [
        0,
        0,
        0
      ],
      "interval": 0.32,
      "repeat": [
        0,
        0,
        0
      ],
      "time": [
        0.18,
        0.18,
        0.18
      ],
      "x1": [
        0,
        0,
        0
      ],
      "y1": [
        0,
        0,
        0
      ],
      "x2": [
        0,
        0,
        0
      ],
      "y2": [
        0,
        0,
        0
      ]
    },
    "1": {
      "id": 1,
      "animation": [
        0,
        0,
        0
      ],
      "interval": 0.29,
      "repeat": [
        0,
        1,
        2
      ],
      "time": [
        0.18,
        0.18,
        0.18
      ],
      "x1": [
        0,
        0,
        0
      ],
      "y1": [
        0,
        0,
        0
      ],
      "x2": [
        0,
        0,
        0
      ],
      "y2": [
        0,
        0,
        0
      ]
    },
    "2": {
      "id": 2,
      "animation": [
        0,
        0,
        0
      ],
      "interval": 0.32,
      "repeat": [
        1,
        1,
        2
      ],
      "time": [
        0.18,
        0.18,
        0.18
      ],
      "x1": [
        0,
        0,
        0
      ],
      "y1": [
        0,
        0,
        0
      ],
      "x2": [
        0,
        0,
        0
      ],
      "y2": [
        0,
        0,
        0
      ]
    },
    "3": {
      "id": 3,
      "animation": [
        0,
        0,
        2
      ],
      "interval": 0.29,
      "repeat": [
        0,
        1,
        2
      ],
      "time": [
        0.18,
        0.18,
        0.76
      ],
      "x1": [
        0,
        0,
        0.15895833333333323
      ],
      "y1": [
        0,
        0,
        0.9012500000000001
      ],
      "x2": [
        0,
        0,
        0.8247916666666665
      ],
      "y2": [
        0,
        0,
        0.9739583333333334
      ]
    },
    "4": {
      "id": 4,
      "animation": [
        0,
        0,
        3
      ],
      "interval": 0.29,
      "repeat": [
        0,
        1,
        1
      ],
      "time": [
        0.18,
        0.18,
        0.8
      ],
      "x1": [
        0,
        0,
        0.12568061669976519
      ],
      "y1": [
        0,
        0,
        0.6682066036789798
      ],
      "x2": [
        0,
        0,
        0.8021367397892339
      ],
      "y2": [
        0,
        0,
        1.1153753448887425
      ]
    },
    "5": {
      "id": 5,
      "animation": [
        0,
        0,
        4
      ],
      "interval": 0.29,
      "repeat": [
        0,
        1,
        5
      ],
      "time": [
        0.18,
        0.18,
        2.9
      ],
      "x1": [
        0,
        0,
        0.05869557825185267
      ],
      "y1": [
        0,
        0,
        1.1063098537284457
      ],
      "x2": [
        0,
        0,
        0.6451049723600688
      ],
      "y2": [
        0,
        0,
        0.9069305673688756
      ]
    },
    "6": {
      "id": 6,
      "animation": [
        0,
        0,
        1
      ],
      "interval": 0.29,
      "repeat": [
        0,
        1,
        2
      ],
      "time": [
        0.18,
        0.18,
        2.5
      ],
      "x1": [
        0,
        0,
        0.1025499588399088
      ],
      "y1": [
        0,
        0,
        0.8597682290594533
      ],
      "x2": [
        0,
        0,
        0.8609659760217162
      ],
      "y2": [
        0,
        0,
        1.1111335815306087
      ]
    }
  },
  "slotAudio": {
    "0": {
      "id": 0,
      "audioType": [
        1,
        1,
        4
      ]
    },
    "1": {
      "id": 1,
      "audioType": [
        1,
        3,
        6
      ]
    },
    "2": {
      "id": 2,
      "audioType": [
        1,
        3,
        6
      ]
    },
    "3": {
      "id": 3,
      "audioType": [
        1,
        2,
        5
      ]
    },
    "4": {
      "id": 4,
      "audioType": [
        1,
        3,
        6
      ]
    }
  },
  "building": {
    "0": {
      "id": 0,
      "name": "乡野茅草屋",
      "pointMoney1": [
        60000,
        69000,
        79000,
        99000,
        119000
      ],
      "pointMoney2": [
        66000,
        76000,
        87000,
        109000,
        131000
      ],
      "pointMoney3": [
        73000,
        84000,
        97000,
        121000,
        145000
      ],
      "pointMoney4": [
        88000,
        101000,
        116000,
        145000,
        174000
      ],
      "pointMoney5": [
        101000,
        116000,
        133000,
        166000,
        199000
      ],
      "rewardType": [
        "energy"
      ],
      "rewardValue": [
        25
      ],
      "rollerBet": [
        1000,
        1000,
        1000,
        1000,
        1000,
        1000
      ],
      "startAt": "2019-10-30 12:00:00"
    },
    "1": {
      "id": 1,
      "name": "龙门客栈",
      "pointMoney1": [
        78000,
        94000,
        118000,
        170000,
        228000
      ],
      "pointMoney2": [
        90000,
        108000,
        135000,
        194000,
        260000
      ],
      "pointMoney3": [
        108000,
        130000,
        163000,
        235000,
        315000
      ],
      "pointMoney4": [
        150000,
        180000,
        225000,
        324000,
        434000
      ],
      "pointMoney5": [
        194000,
        233000,
        291000,
        419000,
        561000
      ],
      "rewardType": [
        "energy"
      ],
      "rewardValue": [
        25
      ],
      "rollerBet": [
        1200,
        1200,
        1200,
        1200,
        1200,
        1200
      ],
      "startAt": "2019-10-30 12:00:00"
    },
    "2": {
      "id": 2,
      "name": "江南小镇",
      "pointMoney1": [
        101000,
        131000,
        177000,
        281000,
        393000
      ],
      "pointMoney2": [
        126000,
        164000,
        221000,
        351000,
        491000
      ],
      "pointMoney3": [
        164000,
        213000,
        288000,
        458000,
        641000
      ],
      "pointMoney4": [
        253000,
        329000,
        444000,
        706000,
        988000
      ],
      "pointMoney5": [
        342000,
        445000,
        601000,
        956000,
        1338000
      ],
      "rewardType": [
        "energy"
      ],
      "rewardValue": [
        25
      ],
      "rollerBet": [
        1400,
        1450,
        1450,
        1420,
        1430,
        1425
      ],
      "startAt": "2019-10-30 12:00:00"
    },
    "3": {
      "id": 3,
      "name": "东海龙宫",
      "pointMoney1": [
        131000,
        183000,
        265000,
        461000,
        668000
      ],
      "pointMoney2": [
        177000,
        248000,
        360000,
        626000,
        908000
      ],
      "pointMoney3": [
        248000,
        347000,
        503000,
        875000,
        1269000
      ],
      "pointMoney4": [
        419000,
        587000,
        851000,
        1481000,
        2147000
      ],
      "pointMoney5": [
        587000,
        822000,
        1192000,
        2074000,
        3007000
      ],
      "rewardType": [
        "energy"
      ],
      "rewardValue": [
        25
      ],
      "rollerBet": [
        1700,
        1750,
        1750,
        1680,
        1700,
        1700
      ],
      "startAt": "2019-10-30 12:00:00"
    },
    "4": {
      "id": 4,
      "name": "林海雪原",
      "pointMoney1": [
        170000,
        264000,
        436000,
        785000,
        1256000
      ],
      "pointMoney2": [
        255000,
        395000,
        652000,
        1174000,
        1878000
      ],
      "pointMoney3": [
        408000,
        632000,
        1043000,
        1877000,
        3003000
      ],
      "pointMoney4": [
        714000,
        1107000,
        1827000,
        3289000,
        5262000
      ],